postcode,avg_growth
11230,0.08493775896087925
10038,0.0811707395151203
