postcode,avg_growth
11418,0.053615033916084485
11362,0.05327491673887158
