postcode,avg_growth
11238,0.1827217635682081
11201,0.15431844605445047
