postcode,avg_growth
10473,0.05203046091145648
11697,0.05159581220528274
