postcode,avg_growth
10027,0.1200315706446375
10018,0.11763269609988951
