postcode,avg_growth
10003,0.09779132401392913
10014,0.09742625123032185
