postcode,avg_growth
10307,0.0468905524148669
11430,0.04675722324510064
