postcode,avg_growth
11385,0.06914226334639322
10459,0.06803069495860416
