postcode,avg_growth
10282,0.05116733606805548
10471,0.05110856452489327
