postcode,avg_growth
11374,0.07279438048579168
10458,0.07257199954230699
