postcode,avg_growth
10065,0.04945891945123991
11428,0.04881177919458955
