postcode,avg_growth
11216,0.1397543518607684
10037,0.13804073112783707
