postcode,avg_growth
10457,0.07924341745788131
10025,0.07851991310749559
