postcode,avg_growth
11434,0.045733058448888246
11429,0.045559727580240385
